{"cameraMode":{"drawMode":0,"name":"Shaded","section":"Shading Mode"},"sceneLighting":true,"audioPlay":false,"sceneViewState":{"m_AlwaysRefresh":false,"showFog":true,"showSkybox":false,"showFlares":true,"showImageEffects":true,"showParticleSystems":true,"showVisualEffectGraphs":true,"m_FxEnabled":true},"in2DMode":false,"pivot":{"x":1345.3206787109375,"y":49.24163818359375,"z":1811.9344482421875},"rotation":{"x":0.0005208044312894344,"y":-0.9864369034767151,"z":0.1672714203596115,"w":0.004761407617479563},"size":18.37171745300293,"orthographic":false}