{"cameraMode":{"drawMode":0,"name":"Shaded","section":"Shading Mode"},"sceneLighting":true,"audioPlay":false,"sceneViewState":{"m_AlwaysRefresh":false,"showFog":true,"showSkybox":false,"showFlares":true,"showImageEffects":true,"showParticleSystems":true,"showVisualEffectGraphs":true,"m_FxEnabled":true},"in2DMode":false,"pivot":{"x":1345.3206787109375,"y":49.24163818359375,"z":1811.9344482421875},"rotation":{"x":0.030795633792877198,"y":-0.9370284080505371,"z":0.08604885637760163,"w":0.3386533558368683},"size":1.164787769317627,"orthographic":false}