{"cameraMode":{"drawMode":0,"name":"Shaded","section":"Shading Mode"},"sceneLighting":true,"audioPlay":false,"sceneViewState":{"m_AlwaysRefresh":false,"showFog":true,"showSkybox":false,"showFlares":true,"showImageEffects":true,"showParticleSystems":true,"showVisualEffectGraphs":true,"m_FxEnabled":true},"in2DMode":false,"pivot":{"x":1346.5872802734375,"y":48.77968215942383,"z":1813.5802001953125},"rotation":{"x":-0.001619803486391902,"y":-0.9618359208106995,"z":0.2755131721496582,"w":-0.007035042159259319},"size":16.343650817871095,"orthographic":false}