{"cameraMode":{"drawMode":0,"name":"Shaded","section":"Shading Mode"},"sceneLighting":false,"audioPlay":false,"sceneViewState":{"m_AlwaysRefresh":false,"showFog":true,"showSkybox":false,"showFlares":true,"showImageEffects":true,"showParticleSystems":true,"showVisualEffectGraphs":true,"m_FxEnabled":true},"in2DMode":false,"pivot":{"x":-0.0003641843795776367,"y":0.4367924928665161,"z":0.009448260068893433},"rotation":{"x":0.01780596375465393,"y":0.9740139842033386,"z":-0.05283349007368088,"w":0.2220332771539688},"size":1.4378297328948975,"orthographic":false}