{"cameraMode":{"drawMode":0,"name":"Shaded","section":"Shading Mode"},"sceneLighting":false,"audioPlay":false,"sceneViewState":{"m_AlwaysRefresh":false,"showFog":true,"showSkybox":false,"showFlares":true,"showImageEffects":true,"showParticleSystems":true,"showVisualEffectGraphs":true,"m_FxEnabled":true},"in2DMode":false,"pivot":{"x":128.45005798339845,"y":24.708492279052736,"z":-608.7994995117188},"rotation":{"x":-0.005619613453745842,"y":-0.9964386820793152,"z":0.08984992653131485,"w":-0.008587841875851155},"size":3.652935743331909,"orthographic":false}