{"cameraMode":{"drawMode":0,"name":"Shaded","section":"Shading Mode"},"sceneLighting":false,"audioPlay":false,"sceneViewState":{"m_AlwaysRefresh":false,"showFog":true,"showSkybox":false,"showFlares":true,"showImageEffects":true,"showParticleSystems":true,"showVisualEffectGraphs":true,"m_FxEnabled":true},"in2DMode":false,"pivot":{"x":128.199951171875,"y":22.850919723510743,"z":-608.7196655273438},"rotation":{"x":-0.018116427585482599,"y":-0.016940997913479806,"z":0.004557677544653416,"w":1.0002164840698243},"size":8.314675331115723,"orthographic":false}