{"cameraMode":{"drawMode":0,"name":"Shaded","section":"Shading Mode"},"sceneLighting":false,"audioPlay":false,"sceneViewState":{"m_AlwaysRefresh":false,"showFog":true,"showSkybox":false,"showFlares":true,"showImageEffects":true,"showParticleSystems":true,"showVisualEffectGraphs":true,"m_FxEnabled":true},"in2DMode":false,"pivot":{"x":-0.00011803209781646729,"y":-0.0001516677439212799,"z":0.00033318251371383667},"rotation":{"x":-0.08625005185604096,"y":-0.030787009745836259,"z":0.0026658789720386268,"w":-0.9957956075668335},"size":0.6387442946434021,"orthographic":false}