{"cameraMode":{"drawMode":0,"name":"Shaded","section":"Shading Mode"},"sceneLighting":false,"audioPlay":false,"sceneViewState":{"m_AlwaysRefresh":false,"showFog":true,"showSkybox":false,"showFlares":true,"showImageEffects":true,"showParticleSystems":true,"showVisualEffectGraphs":true,"m_FxEnabled":true},"in2DMode":false,"pivot":{"x":124.05999755859375,"y":20.064767837524415,"z":-618.9600219726563},"rotation":{"x":0.17175821959972382,"y":0.049386993050575259,"z":-0.003240910591557622,"w":0.9844526648521423},"size":1.541998267173767,"orthographic":false}