{"cameraMode":{"drawMode":0,"name":"Shaded","section":"Shading Mode"},"sceneLighting":false,"audioPlay":false,"sceneViewState":{"m_AlwaysRefresh":false,"showFog":true,"showSkybox":false,"showFlares":true,"showImageEffects":true,"showParticleSystems":true,"showVisualEffectGraphs":true,"m_FxEnabled":true},"in2DMode":false,"pivot":{"x":-7.948863983154297,"y":0.47244107723236086,"z":0.00033867359161376953},"rotation":{"x":0.03528729826211929,"y":0.9694621562957764,"z":-0.15448036789894105,"w":0.19012649357318879},"size":8.39942741394043,"orthographic":false}