{"cameraMode":{"drawMode":0,"name":"Shaded","section":"Shading Mode"},"sceneLighting":false,"audioPlay":false,"sceneViewState":{"m_AlwaysRefresh":false,"showFog":true,"showSkybox":false,"showFlares":true,"showImageEffects":true,"showParticleSystems":true,"showVisualEffectGraphs":true,"m_FxEnabled":true},"in2DMode":false,"pivot":{"x":0.01059257984161377,"y":0.48203998804092409,"z":-0.11731523275375366},"rotation":{"x":-0.34955981373786929,"y":0.26236480474472048,"z":-0.10263832658529282,"w":-0.8935548663139343},"size":2.9799699783325197,"orthographic":false}