{"cameraMode":{"drawMode":0,"name":"Shaded","section":"Shading Mode"},"sceneLighting":true,"audioPlay":false,"sceneViewState":{"m_AlwaysRefresh":false,"showFog":true,"showSkybox":false,"showFlares":true,"showImageEffects":true,"showParticleSystems":true,"showVisualEffectGraphs":true,"m_FxEnabled":true},"in2DMode":false,"pivot":{"x":0.02843952178955078,"y":0.4065380096435547,"z":1.5597162246704102},"rotation":{"x":-0.006893556099385023,"y":-0.9890782833099365,"z":0.14786165952682496,"w":-0.02935105189681053},"size":15.4585542678833,"orthographic":false}