{"cameraMode":{"drawMode":0,"name":"Shaded","section":"Shading Mode"},"sceneLighting":true,"audioPlay":false,"sceneViewState":{"m_AlwaysRefresh":false,"showFog":true,"showSkybox":false,"showFlares":true,"showImageEffects":true,"showParticleSystems":true,"showVisualEffectGraphs":true,"m_FxEnabled":true},"in2DMode":false,"pivot":{"x":0.1154213696718216,"y":0.38275954127311709,"z":1.4917023181915284},"rotation":{"x":0.054746441543102267,"y":-0.9301834106445313,"z":0.3252907991409302,"w":0.16431234776973725},"size":1.0214283466339112,"orthographic":false}