{"cameraMode":{"drawMode":0,"name":"Shaded","section":"Shading Mode"},"sceneLighting":true,"audioPlay":false,"sceneViewState":{"m_AlwaysRefresh":false,"showFog":true,"showSkybox":false,"showFlares":true,"showImageEffects":true,"showParticleSystems":true,"showVisualEffectGraphs":true,"m_FxEnabled":true},"in2DMode":false,"pivot":{"x":-0.05331563949584961,"y":-0.11642599105834961,"z":0.17771291732788087},"rotation":{"x":0.008661209605634213,"y":-0.9845330119132996,"z":0.05175776407122612,"w":0.17031943798065186},"size":21.464170455932618,"orthographic":false}