{"cameraMode":{"drawMode":0,"name":"Shaded","section":"Shading Mode"},"sceneLighting":false,"audioPlay":false,"sceneViewState":{"m_AlwaysRefresh":false,"showFog":true,"showSkybox":false,"showFlares":true,"showImageEffects":true,"showParticleSystems":true,"showVisualEffectGraphs":true,"m_FxEnabled":true},"in2DMode":false,"pivot":{"x":-0.02977544069290161,"y":-0.0018437504768371583,"z":0.01428571343421936},"rotation":{"x":0.16728349030017854,"y":0.8317886590957642,"z":-0.4249500334262848,"w":0.3173098564147949},"size":0.26145297288894656,"orthographic":false}