{"cameraMode":{"drawMode":0,"name":"Shaded","section":"Shading Mode"},"sceneLighting":true,"audioPlay":false,"sceneViewState":{"m_AlwaysRefresh":false,"showFog":true,"showSkybox":true,"showFlares":true,"showImageEffects":true,"showParticleSystems":true,"showVisualEffectGraphs":true,"m_FxEnabled":true},"in2DMode":false,"pivot":{"x":135.50485229492188,"y":30.995563507080079,"z":-652.4788208007813},"rotation":{"x":0.06525198370218277,"y":0.9284165501594544,"z":-0.1747247874736786,"w":0.3228992223739624},"size":178.92269897460938,"orthographic":false}