{"cameraMode":{"drawMode":0,"name":"Shaded","section":"Shading Mode"},"sceneLighting":true,"audioPlay":false,"sceneViewState":{"m_AlwaysRefresh":false,"showFog":true,"showSkybox":true,"showFlares":true,"showImageEffects":true,"showParticleSystems":true,"showVisualEffectGraphs":true,"m_FxEnabled":true},"in2DMode":false,"pivot":{"x":105.60485076904297,"y":25.63385581970215,"z":-661.9539184570313},"rotation":{"x":0.0034227983560413124,"y":0.9986289143562317,"z":-0.05841515585780144,"w":0.018158745020627977},"size":3.799107551574707,"orthographic":false}