{"cameraMode":{"drawMode":0,"name":"Shaded","section":"Shading Mode"},"sceneLighting":true,"audioPlay":false,"sceneViewState":{"m_AlwaysRefresh":false,"showFog":true,"showSkybox":true,"showFlares":true,"showImageEffects":true,"showParticleSystems":true,"showVisualEffectGraphs":true,"m_FxEnabled":true},"in2DMode":false,"pivot":{"x":146.86248779296876,"y":0.39906883239746096,"z":-609.2479858398438},"rotation":{"x":0.16728349030017854,"y":0.8317886590957642,"z":-0.4249500334262848,"w":0.3173098564147949},"size":131.4274444580078,"orthographic":false}