{"cameraMode":{"drawMode":0,"name":"Shaded","section":"Shading Mode"},"sceneLighting":true,"audioPlay":false,"sceneViewState":{"m_AlwaysRefresh":false,"showFog":true,"showSkybox":true,"showFlares":true,"showImageEffects":true,"showParticleSystems":true,"showVisualEffectGraphs":true,"m_FxEnabled":true},"in2DMode":false,"pivot":{"x":126.52471923828125,"y":22.327390670776368,"z":-641.8468627929688},"rotation":{"x":-0.006596229504793882,"y":-0.9976423382759094,"z":-0.06430761516094208,"w":0.03975732624530792},"size":0.5585448145866394,"orthographic":false}