{"cameraMode":{"drawMode":0,"name":"Shaded","section":"Shading Mode"},"sceneLighting":true,"audioPlay":false,"sceneViewState":{"m_AlwaysRefresh":false,"showFog":true,"showSkybox":true,"showFlares":true,"showImageEffects":true,"showParticleSystems":true,"showVisualEffectGraphs":true,"m_FxEnabled":true},"in2DMode":false,"pivot":{"x":672.4620361328125,"y":305.7911376953125,"z":2.486419677734375},"rotation":{"x":0.09216880798339844,"y":0.04628525301814079,"z":-0.004283881280571222,"w":0.9946854114532471},"size":210.98765563964845,"orthographic":false}