{"cameraMode":{"drawMode":0,"name":"Shaded","section":"Shading Mode"},"sceneLighting":true,"audioPlay":false,"sceneViewState":{"m_AlwaysRefresh":false,"showFog":true,"showSkybox":true,"showFlares":true,"showImageEffects":true,"showParticleSystems":true,"showVisualEffectGraphs":true,"m_FxEnabled":true},"in2DMode":false,"pivot":{"x":127.33122253417969,"y":20.689998626708986,"z":-598.6275024414063},"rotation":{"x":-0.000007971306331455708,"y":-0.9587358236312866,"z":0.2856444716453552,"w":0.018768910318613054},"size":8.36453914642334,"orthographic":false}